,ctrlf,acc
1,0.02,0.64
2,0.04526748971193416,0.6666666666666666
3,0.09716599190283401,0.6842105263157895
4,0.1680327868852459,0.6311475409836066
